OrderedDict([('Username', 'jean49'), ('Password', 'Da*E%OuGuc9$V1m')])
OrderedDict([('Username', 'haydenashley'), ('Password', 'l$r^9eGg8f@BZhy')])
OrderedDict([('Username', 'michaelastephens'), ('Password', '$1sp++bga8H+eCr')])
OrderedDict([('Username', 'denisephillips'), ('Password', 'Vj)T7AsfRHkfpvw')])
OrderedDict([('Username', 'andrew24'), ('Password', 'T^mH8LMM&0C3VVk')])
OrderedDict([('Username', 'kaylaabbott'), ('Password', '!nN05pv3tc(DBO(')])
OrderedDict([('Username', 'tmartinez'), ('Password', 'V46_Xx85_gKg7rt')])
OrderedDict([('Username', 'mholden'), ('Password', '(sd44x3x*A7D1dA')])
OrderedDict([('Username', 'randygilbert'), ('Password', 'A7+E0YfB+MLPJ8Z')])
OrderedDict([('Username', 'watsonlouis'), ('Password', 'i!4(DEkBLNq)C7G')])
OrderedDict([('Username', 'mdavis'), ('Password', 'c$2VXHnxQ+6ifpx')])
OrderedDict([('Username', 'patrickprice'), ('Password', 'Es_r0GlF&zDkJKG')])
OrderedDict([('Username', 'kgriffith'), ('Password', '%0dUpqgwFfA$Dma')])
OrderedDict([('Username', 'hannasarah'), ('Password', 'c(9au%x)tyC#HDd')])
OrderedDict([('Username', 'xaviermartin'), ('Password', 'e7!gWemxlde3K6p')])
OrderedDict([('Username', 'hrodriguez'), ('Password', 'od@9P!dfQj8NH&A')])
OrderedDict([('Username', 'erodriguez'), ('Password', 'hB+4A(si*vdHl4c')])
OrderedDict([('Username', 'danielleclark'), ('Password', '2lv3HKAs+Or8R48')])
OrderedDict([('Username', 'timothy26'), ('Password', 'oz7ExOUI2&*S87h')])
OrderedDict([('Username', 'elizabeth19'), ('Password', 'x3C8yYtI!(e3+z(')])